feature_0,feature_1,feature_2,label
-2.0842653657844794,11.897399094269462,7.206328452608297,0
2.8030260756078915,-4.881680141387772,-5.808132993429136,1
4.081601239333379,-5.481004501163677,-6.288655216085453,1
-2.3617891396026494,-6.3628170730387845,-4.982763092971077,1
1.2614620947592732,-7.974901751760257,-6.530667168860358,1
2.9270160904140594,-5.288136376596697,-6.734232082562253,1
-0.6085698864643494,11.780108890269428,6.568974209481442,0
0.07818912764404784,-10.795501523561502,-10.240395769183914,1
-4.008476819738288,10.540087440757524,0.4973386810678173,2
-5.100637413943494,12.296957417170109,4.766218375213117,0
0.903780466323852,-7.54349428619733,-5.671545872989438,1
-4.609472819511096,9.426030696791173,3.7335412734796956,0
-0.26572054992510497,-4.389605542679596,-6.158474766257236,1
-3.5464607029368835,5.222004346824594,3.8971751614922896,2
-1.352631784599994,14.308926002263046,1.7083706940748113,0
-1.0454389709063023,10.797785103711936,4.757421869037464,0
-10.097088161354257,7.086963433875481,1.686911129633515,2
-5.705605463380819,8.302699454536882,5.919295408608898,2
-1.1770478910191033,5.879765543715179,8.081887568425426,0
-8.015995521825765,9.424320734460824,2.648038510321782,2
-0.46808492067443197,5.2045961341586695,3.5697636757875153,0
-3.435006044545992,6.930388660000155,2.916028033527186,0
-2.159127060656478,-3.871845575074259,-9.016791955704488,1
3.9560931009234768,-6.920966566770335,-6.2499587365127525,1
2.0153964745469413,-10.483332345175715,-7.403741007398636,1
-8.765199057381322,6.647831012973292,1.757001445940846,2
0.9508416742789456,12.527299392893791,8.12069321995786,0
-4.132361568242562,11.383850635291362,6.344964961337917,0
1.6418779850859908,-6.682386949654998,-6.822262785530527,1
-10.348746764925647,3.8648666359277883,0.6818698183042013,2
-10.693286326865872,10.55261098239982,-0.8163665046612487,2
-0.5601199050535826,-5.1266613759753366,-10.694933890207436,1
-9.777062472516555,10.279405025728163,3.2267595045173856,2
3.5847402997349738,-8.647860642741175,-6.566696303863024,1
-10.400518801049886,4.872504391003608,-0.7010747565995725,2
-1.806248717379118,6.7002340037624055,6.244097429114725,0
-14.31601293804767,6.485774218500617,4.834392885153431,2
-5.6220699589561836,5.318136436724593,5.437686805548296,2
1.7992241616376665,-4.65465828560852,-2.9025613288381535,1
-10.184481408192365,9.805847338737523,4.758979325814867,2
2.082619090725455,-7.519230033408999,-7.697905084747977,1
0.7362173195235235,-7.615289370635161,-8.200202087908334,1
-6.5842693164876005,11.54462830486403,6.080458198579678,2
3.981582305993639,-6.796307376986765,-9.270551801150065,1
0.6075220886256305,-3.826538040983869,-8.098004649890212,1
-9.424165034241168,9.342134710519582,1.288786445259063,2
-0.6127623858682627,-8.656527450024216,-6.695684323558731,1
1.1203999275689387,-7.295800011739343,-6.3504128966463895,1
0.13365989633365727,-6.370446978918524,-6.401307183611035,1
-0.562877508979267,-4.922451582197905,-9.293854557848586,1
-7.201636212930227,6.140360298416081,7.897814734878479,2
-6.747505958297371,7.920596380964738,2.884988677228802,2
-13.192586639336454,6.39533613396307,-2.0948594108679393,2
3.5991241557439038,-9.2954081555641,-6.504769302347485,1
0.3149088795044388,-7.616575401900629,-3.5146639342093846,1
-9.084310213514106,4.427807924583693,-2.181642514554426,2
-1.5285152938556754,-6.843797041540879,-5.83592534706648,1
-7.3838803573387874,6.298207302536813,2.733489308525356,2
-0.03960341577499893,-4.484921620708828,-4.931924874790538,1
-9.820682761152021,5.52089784169123,1.640272442195777,2
-7.346431140881387,2.2643879704682854,2.5234289957149683,2
-4.082885025363377,10.508587295479842,11.038598913822582,0
-9.709061390589653,6.083392134149342,3.5114103787884745,2
-10.143094631898585,8.590716556475106,1.7050984496086903,2
-1.828183609484015,-7.464414767762403,-10.42119366376643,1
-0.521904909008569,-8.788205541526283,-4.6978116263489795,1
3.652996466591458,8.263935417217093,3.0138462494531173,0
-14.354374877595342,5.958916450571009,-0.15334032392888775,2
-8.677909942574326,6.4232580339032355,-0.20574601540270132,2
-11.451363662437785,6.332534115057567,1.5998872182078983,2
-0.8381777206968375,6.29030338246169,8.717693466932781,0
-10.305741974366816,6.380167723129178,3.8155091877611147,2
-8.095263728838257,9.602285700335074,1.750958715963808,0
6.931635271070011,-5.50655019989715,-0.2945544841510497,1
-5.096584784383082,8.539300160242373,5.760854570267755,0
-4.365214715850682,7.2559266239298035,-0.7091728039624972,0
0.7420544981144375,-6.840108330871671,-7.096998969648308,1
-3.709527292292377,9.333792871615278,5.557634503198269,0
3.139960268953687,-5.613709747335633,-6.437062630596733,1
-2.723930747347229,11.04600969230831,6.084655120706876,0
-3.9613929581115377,7.7013616102529525,3.2114284218427476,0
7.441891757376248,-10.10553840250836,-8.502394296457194,1
7.0179395935238285,-6.338834987230018,-4.2460785951667965,1
-0.7557649609546933,11.591943413168455,4.911235526299198,0
0.39840654714470114,-7.2669386957419615,-5.128268880443703,1
0.3241640126426495,-8.641798325689996,-11.204854172593064,1
-3.979414688839132,8.680783983469462,7.317370004241239,0
-7.808054854085294,8.716783649949921,1.6869372941980316,2
-11.431492109042832,8.870098215773059,-1.2683748678210724,2
-5.523402830448285,5.691501705074195,2.9754109010593575,2
-13.82364986533415,4.807046874474276,0.5563985199359416,2
1.5741832793782422,-4.5171980276794415,-7.445761771210325,1
4.0350422003714765,-4.839610069215212,-4.717113073272758,1
-9.332750368400045,7.796300957008555,0.20311934772361528,2
-11.30131376360438,10.835878738544002,0.8038266941389125,2
0.10948595378544379,-9.239253954710563,-9.616575942158269,1
-8.37142261951541,8.505180555690487,5.470206705357921,2
1.893373447332327,-7.032235754826259,-8.719755716583034,1
-0.8094663837185481,-3.8251258098542373,-2.506156330094699,1
0.9835977321115763,-7.328687191739363,-8.737945255195907,1
-4.361278642972007,8.978563549723399,0.6613672174873804,0
-2.374226576938268,4.508263859462779,3.023555033247007,0
-9.498422161622013,4.670289086219999,1.9086377945416646,2
2.6940890188601037,8.252902031980177,4.878180853597399,0
-2.5246954722374313,10.022084445912265,7.446573048223154,0
-0.13907644958545218,-5.875725670181973,-5.709320630928101,1
3.9169977859780922,-3.4399617581913793,-4.348744590641354,1
-10.183918221613895,6.983886124528092,2.7377871324842307,2
-0.31731099817193664,10.393628654361008,2.864558941409392,0
0.7686995927425126,5.882813597284582,3.38372261895156,0
2.1668539807838068,-3.095632254519324,-8.413511624571655,1
-6.677718719800444,5.895087284455511,2.5137091039703368,2
-5.794082396157473,7.9600223401760015,4.748512047133275,2
-4.402696415298523,5.618608136389939,3.849634165136784,0
-2.5225388001444085,7.36736406374493,0.4159857710324264,0
-6.232680272176015,9.075891374269782,4.864769206545076,0
-9.392549206633678,4.450093889959021,0.13149167329273936,2
2.093073298894599,-6.050017533004981,-7.939550621896023,1
2.2189451645359886,-7.011697202588192,-10.43512590554478,1
2.1815373614238394,-4.676415237569349,-9.313726446774638,1
1.9869010595492154,-8.068890350479261,-7.135430693363445,1
3.2125075489414305,6.404354028202676,4.117477617898025,0
-0.1854913546908259,4.607118806020721,7.500216842769147,0
-0.27817057351472174,9.253337242921802,2.427838981433139,0
-8.005227665329938,7.748134658621279,-2.201343110923811,2
1.959676243036896,-4.283655301814741,-5.616549360234199,1
1.1278289894266065,5.389644714496057,1.8741083831572465,0
5.54596223031831,-8.41700328652211,-6.067574252634592,1
-8.483913109233312,4.487531958732479,5.096735796169018,2
-5.077792049561202,7.2981086136417606,2.7632113330007653,2
-8.75357579632236,4.718904051897381,-1.0614437249980826,2
-9.361584734202005,7.867737935840824,3.873087837923558,0
1.8351740982222906,-5.6674304873209405,-11.002693181649214,1
-8.59663745378543,6.513691663118157,1.7098509090786378,2
0.3766882229695594,7.820831801760019,2.9793102279670443,0
0.30945614721519354,-4.696703614417606,-7.191654083751271,1
2.0485736152785443,-7.521097016606705,-12.886994430525164,1
-9.780078831394924,6.807735906450381,3.5353594874098144,2
-1.0494163085322317,-7.4754726219351975,-6.573000996925452,1
-10.2507825342162,8.381553851641247,2.8510133899185726,2
-10.242783993711047,3.4399534193317214,6.386978575202068,2
-2.0703143881656683,8.241064762086877,6.322692593163039,0
-9.498755281424346,7.1712283335717455,2.575994479053966,2
-4.8668396442209065,12.524182974846555,4.5935018249490005,0
1.8082331317137066,-5.752988302814633,-7.956896344426674,1
-12.642319863217685,11.690370259269569,2.1517598628615593,2
-5.60374998327054,10.325192996330598,2.8026028000336027,0
1.9957651502215001,-4.2174353429256755,-12.230774290220895,1
-11.549255777778818,6.215785730608527,4.976703724017912,2
-1.1704680981147386,11.66540316347449,8.493306328523557,0
-4.257064068282544,8.992243512583803,-0.5851655353475973,0
-5.854215592702941,5.935252777033585,2.4214196583839334,2
1.5722421824846113,-6.876178063631308,-10.072041973603664,1
-5.337830174683825,11.1050954356872,4.718046029349788,0
-2.5864167119817005,14.022804296153584,7.047292659013426,0
-2.0725994496331803,4.489388875746556,7.052416238886176,0
-6.261118606070685,9.426843123471668,2.500056541654681,0
2.5456257465934273,-6.280685840243248,-4.620302716433807,1
-5.484747818201754,5.591635771253596,-1.7481694010206459,2
-9.165170423419106,10.085877721076132,-3.871035326634521,2
-3.945970642086249,7.960540577348612,5.489431246694711,0
0.14438617419990685,-9.437615969447005,-9.454946270540313,1
-0.5330101450740048,-9.634110185951004,-3.75565783976693,1
-2.5582563375789364,11.085422417436089,2.3230960799976477,0
-10.589669826659856,9.223818856139605,4.658330515412704,2
-0.04139212273097481,8.133853669199345,5.2461799002594,0
3.830318382883811,-6.594953690377061,-8.480089135219568,1
-4.279394788538104,5.124539501973583,3.958888909978579,0
-0.8092649342608604,10.452957796934397,4.008164616225692,0
1.3696336578902166,-4.499726282376765,-4.127220187657731,1
-0.6239797905264695,-6.540330714781273,-6.467834234709553,1
-7.754564006768904,5.556698506700604,4.268921381576427,2
0.11815434479663178,-7.924535950747882,-3.6936299050421595,1
3.9265752398470077,-8.996242813317176,-6.941752795104681,1
0.6579746034108349,-6.914676036795242,-6.625998874052171,1
-11.8851160783232,9.8677389473396,3.9479263547918415,2
-3.87212062138236,2.7573873240427833,6.351484340116023,0
-9.591735557736474,7.283728302993097,4.3123260343419005,2
-9.363745026115764,6.030565205983532,0.6518843449410598,2
-9.910987448889655,6.707917610626909,3.5115558603029626,2
-9.275689171639291,4.648784592797445,-1.1394158445259706,2
-2.608287978151798,7.677629273573162,0.16863757377686017,0
-3.8636900732921173,8.20087917773797,6.088251249035758,2
0.18680216276355632,-7.533889860346838,-4.807285024935663,1
-1.9996408042340823,10.41205913473464,6.8212328148043,0
1.7961238911596746,8.441828974472704,4.864985930361317,0
0.21634964415913505,-9.891360398221552,-5.616598909698453,1
-9.559308257386759,7.023669731432522,3.8733180408072685,2
0.2509252181556345,9.770999500688287,3.3045079620078592,0
-11.68267274616449,7.384541264331609,2.559366500155679,2
-1.9107891745962857,-7.55502717210793,-5.395292757219336,1
-10.308713649105385,10.86911987276443,-0.6882249645853555,2
-3.140147731713874,9.865786175947967,8.22783270920323,0
3.097309450505358,-8.797263457577962,-6.350566895839751,1
3.8246468541983494,-9.260074207999644,-5.823471929521937,1
-5.896842511847581,11.595787138243264,0.1145505237380613,0
-8.33829062870664,3.6006568707508824,2.257610904337366,2
1.8589191061987838,-8.792107063041588,-1.8085372826012645,1
3.544732766043773,-10.053115207690283,-8.619288037896451,1
2.445900918538362,-9.64301048503325,-4.924653073386546,1
1.7093445539349634,-7.34051881794401,-7.979081370855381,1
0.9680028226490554,-5.568965497043348,-8.153097694489606,1
-8.828626214934992,11.378960212673338,-1.0690006060025041,2
-0.23278731712504896,11.652613619564358,6.273964489566411,0
0.548729753425893,7.305706652873014,3.3652348924781643,0
1.0719861734292422,-5.601088438826386,-6.086429756448221,1
-6.31992395597773,11.008626914644909,1.792024514753395,0
0.7671619386777824,8.458254182059408,1.7724822643945033,0
-0.5181840488119338,8.310823361820605,0.47814584574058205,0
0.11978497862641557,6.905423722584645,0.6892489943692839,0
-12.92052235286194,7.911817819096452,0.6720425008672137,2
-7.656035045322271,6.789842575500156,3.6791148011623425,2
4.103616895960778,-3.7509861366156088,-2.1065629625422124,1
0.3662764265693368,-2.625824515099433,-9.650753247815913,1
-11.730773944491741,7.265960779382451,0.20060506749969886,2
4.946957290603337,-3.9518256135664522,-5.484380406386455,1
2.380030721056722,-6.776179559686651,-5.508338923313367,1
-7.262955815566357,2.6317260887918614,3.048630270887305,2
-3.249240691377495,9.330408685256977,2.9200353675685338,0
-5.30577619354977,6.529020545592839,4.5625313433390415,0
-8.867636514658994,6.1714420660067955,1.088725997323724,2
-10.368133060165436,11.84731021179522,-1.6632929623743493,2
5.560007133101593,-8.029817826485017,-7.046078637250877,1
4.881941603828199,-6.216738372904052,-5.275283255872068,1
-4.317545329180835,15.098906324204362,0.21427086537337114,0
5.966601658822019,-7.0449854033354375,-8.512838746651788,1
-0.3397850626255292,9.721866641686363,1.2662199076642926,0
0.8179296373122362,-6.994552210944133,-9.746771379578206,1
-6.539069471425256,7.78569262513029,5.499131453843032,2
-9.463797339653917,4.648622524017248,-3.502806738361274,2
-4.492402357636934,10.364567907406139,1.4336322834242954,0
-1.8759966142425677,-10.595319766027005,-5.557714752294646,1
-1.3492669157441026,7.917818112555082,7.555635704320075,0
-4.699994292988204,9.108436711118166,3.9669135070246293,0
-1.5501627385108232,3.0899826044872025,3.769846120486004,0
-5.92679028086012,9.154109183330336,1.4888196883463043,2
-6.143573408002697,5.938384681966744,6.020191946185712,2
-1.4479820129116234,11.365625090603345,2.470776111279665,0
-4.8998540714955965,7.395499949844908,2.317830213369018,2
1.3700920181973535,-5.5074300816038795,-1.3321064133715002,1
-3.084338712043707,10.783574981322372,6.446229036953294,0
-7.833530368701203,5.51861459768588,4.136115484577204,2
1.3958940497368435,-11.1351603563513,-8.037148809124725,1
-2.7956733738226722,10.597454883957262,1.571729383925958,0
-4.710675788170517,6.187905366494404,4.975951042798156,0
3.103253045405154,-9.979777922327731,-9.115941150996996,1
-1.6041628431965735,10.467571463287632,3.0656266930653193,0
-11.6081819339235,4.051577135306381,6.8582715546355,2
-3.2390793001168006,2.3763460092896462,5.503673695950017,0
1.4928920521371318,-3.4033777380494032,-9.658642123612033,1
-0.7055319385900647,10.602778458735564,7.864270157166537,0
-1.2417172503463334,-6.6606816437672975,-5.890270404209014,1
-1.312017213223161,8.953843685452997,3.2123670371291686,0
-7.971737265221413,10.968586104409514,-1.7181976503258287,2
3.0273808546018435,-7.967682773152841,-5.003642458686505,1
-4.018958554264072,9.775408927875453,5.282897563678368,0
-2.3270866934288135,-8.375692029510171,-6.308668274481203,1
-5.742060932168145,7.511851220689919,5.06411331710815,0
-1.6050061594936125,10.273626243729385,6.095868736188258,0
-3.9067613561373924,5.4290639551170115,4.161046776444869,0
8.631125559240292,-7.618480291517643,-6.499320809334386,1
-1.2746219268119359,-9.935156712833574,-4.234591975916178,1
3.222585780180788,-9.330280131895044,0.7747578202395999,1
1.9742834194095948,-10.122548745863462,-4.3420393641132655,1
-2.6352547523564693,8.622460132642006,7.295882610915902,0
-1.5289862988005767,8.542044408737134,6.0225620273293,0
0.2996441968593526,-7.391964785684383,-6.862938955928354,1
-9.657886572492753,6.47728800476796,5.762555818428075,2
-10.63584442583952,3.4157991700976678,5.364601328775959,2
-7.95445809863932,6.68369651132432,5.4483244698238416,2
-11.138924081076954,2.2599777071975042,4.044612040561704,2
-10.74190214269997,6.387192267030494,1.2173393187160468,2
-9.729875636034562,9.747459413532079,5.348127382328494,0
-8.355026944749845,6.405846900544522,0.2602448073692183,2
-6.049744513183175,9.955501807755487,2.581671033799941,2
2.9614433400869413,-8.313221745006866,-5.99640232840428,1
2.4520179325528075,-8.278983375139974,-7.3649830943825805,1
-13.172893642845182,8.17590464105277,-0.5264652710962925,2
-2.5362838705047137,-7.76709540143449,-7.113694770568445,1
0.5048725718293428,9.872123755740505,7.949565845696134,0
-8.539331061092387,5.734965148409315,6.233171525176628,2
-6.249016150178429,9.372843744726232,2.022002363466442,2
-8.656516188127792,7.791761790056749,-1.4412704354220511,2
-9.437096178548371,4.654435788996258,1.323379474197818,2
-8.528534190779398,5.344249539079716,1.5115619016095834,2
-11.41511008480131,4.714486890159611,4.193574902662938,2
-7.6888762965102275,6.886472005589013,-1.3006625984980307,2
-8.720726570767287,11.313854903567481,5.424533744903437,0
5.905206286233685,-6.253496171831826,-7.427999642558601,1
-6.348647814988691,7.9610147921852,-2.5928203912459633,2
1.1298491021500414,13.51246506574582,6.50438196387911,0
-2.057870518539172,15.623215086694698,4.13276328705272,0
-5.992288954996737,7.393555203895926,1.4912279100880093,2
0.07810469464874714,3.4940197490136287,5.541824897911672,0
-7.439385102859843,5.289697042083113,1.7688545942036753,2
-7.891301432894527,8.268095968554098,0.5396198987836005,2
-1.6025585674248277,12.261132388057813,3.88160768138823,0
-2.7268708751797455,5.967817071092043,-2.4695447975809577,2
-5.054987060746696,8.318592990403378,0.6694868035270685,2
2.2401376676261657,-7.216548638939067,-6.804632625250559,1
-4.2874441849540945,7.547875929291525,4.146040771985681,0
-10.070259577243352,13.907367765577716,3.3516624426783226,2
-1.8252541152061796,7.204281636687575,3.30842808067709,0
-0.5250527681018662,8.26338490797675,2.627911544577289,0
1.8259651591839203,-8.450839350891387,-5.373916569677242,1
2.9218748268545003,-2.350865159667478,-7.086729055871419,1
-2.4993543619742433,10.208671376782139,3.992307224380875,0
-6.3828802897192904,11.619540597119856,-4.208557584960986,2
-4.211415828150455,6.537555156604063,6.21341279844507,0
-6.637615059176558,8.79515461395479,1.8124820976824871,2
-7.52535178079169,4.479005016364616,3.330787777119214,2
-2.0616056316803375,10.533203289026718,0.8419288787626589,0
0.5203045703156908,-6.81292454837493,-5.4498776472636425,1
-1.839840958794597,15.973729686920949,0.6123648113400479,0
6.523041810314908,-4.498131204529004,-5.695876751445378,1
-1.943476949305563,11.132789709639919,5.076961366206779,0
-0.7215098445022425,-8.601421357208558,-10.015856750615326,1
-0.7585902396467026,8.683537518342165,4.455851046748336,0
3.12733542071914,-8.860149456613,-12.47093216406131,1
0.7989618948253412,8.69325576184905,3.4757169080917354,0
5.895116194197854,-10.199867847235641,-5.574500390155922,1
-11.105848152592658,7.773100614343469,3.2408350521262834,2
2.609299679772845,9.30143979873306,8.51803597306053,0
-7.40959264378733,14.165682669738452,1.6572289489525107,0
-8.539327099968249,8.121423640728679,2.3498521400609214,2
-0.1867083696112828,-5.80884478496753,-4.632270309057217,1
-1.8809335210367992,9.010409863608565,3.6777741313602874,0
4.317069989452644,-5.295598339711692,-6.660187540643871,1
-2.433000497388588,5.284445762019885,5.875987371437148,0
-2.486336758702407,8.100437886116964,6.262595667800867,0
-7.5697754370527885,5.0337110973426356,4.858037219584707,2
-1.6143833013233286,9.997444006657515,6.343491537121316,0
-7.761494776682545,16.358668246117755,2.4620444261343097,0
0.13869974947732233,-6.789468712477202,-6.011283652880761,1
0.705480645131968,-11.050756070928891,-10.200896971938572,1
-3.184705919746596,11.383328472351845,4.014572333541823,0
-1.3187024331144102,-5.070600723079083,-5.211457639177667,1
-10.78656675543959,7.754839872806428,3.29945770773497,2
-9.088252206178268,3.3344310132744956,0.1212547353357416,2
-1.9751215619814748,9.680737494935663,3.6364294428975352,0
-13.130982627741133,7.40434849748764,-5.238860756578542,2
-1.11000238180146,-5.227818704991898,-12.121798839700435,1
-3.795801496098118,6.238727661924322,5.334836498084872,0
-12.944711140718812,10.053388343722641,4.280897391083685,2
3.838709167620581,8.203058733626088,4.125212043489339,0
2.144091370038236,13.730822743421847,8.717201789385452,0
-3.2014447225436955,8.950813512237104,4.207291639485807,0
-11.952312535672398,2.398521776951518,3.7940969186590046,2
-9.658182557304407,9.326225324969167,-0.7525818577264469,2
3.5555740627152983,-8.003567286714473,-4.336356520565493,1
-13.557157514156325,5.8324791190154075,6.899429740783999,2
5.084414873993376,-6.549574884607377,-5.976504500907633,1
-7.257138592841419,9.210359625744928,9.168316407890554,0
-10.268812932369618,5.348490910296013,0.44891998564746305,2
-12.810373944936563,3.851252487925935,0.5345416382448669,2
-0.8613693037764758,-7.42471688664682,-13.477130843925696,1
-0.8912908810851405,9.329523197758395,-0.10356361999354302,0
-8.265940096914541,7.901921727886643,2.4528278860378037,0
0.34092775291182686,-10.323879123943401,-11.525089697336957,1
-5.041531874844026,8.969504195304928,-2.6288197649465914,2
-2.3919090356771036,13.469695174538519,6.115565383882572,0
-12.919834620854317,10.338412960260058,4.8769333468916045,2
-3.3378383673643475,9.540462482024534,4.228471158706616,0
-8.151472999770148,9.995921753686549,2.250270919473631,2
-2.3807954743536617,11.195404022349454,7.305375196472447,0
-5.860580573062321,11.296786678884072,5.400194262902625,0
0.2533350168477875,-3.1944870599310695,-7.760142280409632,1
3.6500220488162407,-7.6102765959056935,-8.052982168340472,1
0.2601541892922177,-7.258515828676219,-8.639245967192224,1
-0.9503254807986572,9.835916529131344,6.890450483516191,0
0.7107585614520957,7.957256225484463,5.29153591910412,0
2.031021852556788,8.736956289124546,7.080651652430858,0
-4.168939906919414,11.932043414157413,8.692650230697389,0
-6.543408579970105,5.408872690282946,3.844573123771131,2
-6.112187024292747,8.707007861819683,4.451619699340293,0
-2.8671186002558215,-6.565009767102877,-4.308403066534966,1
-9.67927441441202,10.529431600787714,4.7416498429485445,2
-8.382004555642414,7.3507198110042795,3.4249679449289667,2
-10.822794066683434,7.696913419163166,1.5092292784746504,2
-5.970674312034935,7.680546396605161,0.5779239644787335,2
-3.374048595100625,6.367954819083324,0.3210603756766601,2
2.1140104009710345,-8.159991522021603,-3.8810143953111615,1
-11.91367336603123,7.804923501830268,4.884199263494919,2
-7.989522763657697,11.142791359145393,2.170039221736748,0
-2.36292536728564,14.884278449324128,5.652317608154414,0
2.576265028079102,-5.576388964661879,-6.865583196919822,1
0.22665759495059623,-9.055919955770491,-2.6175742252583714,1
0.7412816559555349,-8.96989468085027,-11.592075490816631,1
2.645729854284565,-6.270534573582467,-3.413214427948063,1
-5.984666961705384,5.92519807015559,5.195231876010125,2
-0.9135671726414332,-9.618129448674361,-6.134129976860185,1
7.808578634258332,-6.149972786151233,-4.631447165405332,1
-3.941118684424065,11.015531732613253,5.088065347294812,0
-4.819404717420513,2.482913596464318,7.015803042220359,0
-3.8439703763447497,5.496426062661031,4.822370726161496,0
2.4631072686022386,-6.087178646717754,-4.658452709398546,1
-0.8195156722136332,-6.630612799847668,-11.029498556971102,1
-7.31775551836773,6.771167261736802,-0.29805636083345055,2
-10.701636465903736,5.624189846497753,6.14675945046618,2
5.7886354773448865,-8.681226370731144,-5.5580313387433975,1
-1.9091407788401347,9.778171929141468,6.972370442854522,0
3.7322737234236696,-6.481729827821006,-7.396312056218064,1
-13.727565024938498,8.109229803181293,1.5537077965870218,2
5.397441628865184,-9.768690895323425,-6.716939104919563,1
-4.763199488141681,5.109768974709643,9.64422159255344,0
2.830207589947291,-8.9603618989467,-12.402988640997698,1
-0.9583093381911247,-6.913306745314165,-5.903802349363444,1
-5.944961977327093,10.540016338992764,1.6084798564808573,2
-3.8674927726845194,13.024771181692724,-0.9177500957677251,2
-1.5358253399124422,5.851488343391717,7.369859497122279,0
-9.325019412531002,7.335025633241551,4.072020619818668,2
2.59086312845649,-6.661299546362747,-5.124093170398283,1
4.30311907133967,-2.3462673111943317,-8.523689987158791,1
-3.7276851828556197,10.023837524896585,1.9114027429944254,0
-8.041336028738675,7.881250978148438,5.178524972056551,2
-2.0564063475250984,6.92488079064605,10.17550764488379,0
3.4261567354487408,8.237475466655336,3.073568379506742,0
-0.1552564418412956,-3.7950841109280358,-7.041778418251928,1
0.8575629983913542,-4.99441926542509,-9.675794979689144,1
-4.4216890334074215,2.733342946742355,0.0610736267589016,2
-2.4399702940122183,9.332699824541212,3.736321737660658,0
-3.9604726358915237,5.390814276572501,2.0235503974482496,2
-6.250505466194178,8.437434368692427,6.669744470972726,2
-7.249173764758609,5.951650081961656,-2.9413523161802297,2
-9.436769885408298,6.79019841722553,4.4221919209485385,2
-8.991298851083565,7.07629433450639,4.461496098459559,2
-3.749120238868927,8.593998889135088,3.706380665286678,0
-3.1427200801803217,2.4087004301312582,1.815148553524387,2
1.277191756913286,-5.296223904042139,-10.732092199353113,1
1.4358937960655365,-6.187643567838049,-2.7193168479643592,1
-9.031371365305883,9.812975986442524,3.3455657643406083,2
6.874897864343349,-4.061231583214375,-7.999895792493408,1
-9.408047710512665,9.808347308302832,-0.24821522085725034,2
-5.273590882574538,5.87590957507833,-3.618324602006391,2
-1.9284572276117378,9.454738433329124,1.7584654070780639,0
-6.81553758603121,6.333157690655399,0.10352111794558683,2
-2.8195285952568994,10.865138173067669,3.5087232553664283,0
-1.9670450305954046,10.119577791482005,5.265488667662223,0
-1.1641417360606408,9.134171253906086,7.662333696494265,0
5.0391825436166915,-3.9868862274913734,-3.9396718301761475,1
-13.493203093821128,7.604325829173234,4.887745886626327,2
2.821955893487832,-8.494055567742691,-9.156869150937776,1
-6.471006585743369,3.830642149128324,5.077463420354638,2
-0.4222090749766796,9.755689589020749,2.0453041449393963,0
-0.08288807301972323,10.869193669521984,8.331525399802175,0
-0.07743363968102202,-6.93969683635278,-10.980776191339237,1
-8.666213428426378,12.582705673153004,3.5132929076583097,2
-3.3448153509286693,8.219668861921862,5.434296417320898,0
-1.1602007988639826,-6.008016330315718,-10.407170838495635,1
3.4633922704284057,13.622820523999653,8.048467563607362,0
2.350345217134568,-7.174312352605259,-5.990103020213381,1
-8.590481908090698,5.21924305040368,5.567901121758087,2
-4.551701221204985,12.78871440934738,5.644965036345407,0
-10.485844652216844,3.162331077165648,4.322328884877666,2
-1.1171455211152548,8.488360731795707,3.1529381998389456,0
-3.6207915186668505,7.945766272074633,3.258264402860587,0
-8.71382077937893,9.664045439448579,2.4843259910885234,2
2.650606031056214,-6.119144892267716,-2.360419196277971,1
-14.335059787208923,10.622612071108,1.3977754856535607,2
3.9978929880935237,-7.421468477161871,-4.731825115468515,1
-0.5484903189763388,-7.572917332566221,-5.092203591374235,1
-3.9811064635697395,9.037515509525603,4.988235320281262,0
-6.938520899017332,11.146783401715918,2.6778370654563126,2
4.747993673641572,-7.110623287659641,-9.92291059915821,1
-9.603742401274785,9.160018236256192,3.715254451676793,2
2.518163210606075,-5.5261082689698,-3.2758176909008165,1
4.429603343010175,-5.238725016579899,-4.795591245377535,1
-4.442260049184807,8.13731301526615,5.185435667555842,0
-6.09669708472077,10.033325331837723,6.0325283685572755,2
-4.386461497503036,11.930657605640835,3.2073843237507367,0
0.8522191363060263,-1.8546039679012667,-2.4554535415835312,1
2.2769322124450206,-9.320565369359699,-9.111249191668206,1
-4.605166350847464,10.315947179533843,6.757576361190687,0
-10.290248023512163,6.678321140838576,1.6230872661434264,2
-12.562421310226284,10.962474961722087,4.040954823895287,2
-7.439076575607455,7.792369876533608,4.533241821772006,2
-6.129976661857722,9.186099322780702,5.620914522747016,2
6.334767617087436,-7.582176309330234,-5.817694302657084,1
0.6442773408330902,-9.115501972839777,-8.59000834777369,1
-8.217642924357396,3.259524498850074,2.74332810665433,2
2.8033328068517482,-4.676668833546254,-7.830713483101455,1
-11.66998714053513,9.221469172261855,4.001791266872852,2
0.20058540477896925,-8.155717322218688,-3.975275059635706,1
-8.200131394532756,9.726510859628819,5.15761349181048,0
-0.35144705762617257,7.023185675549373,4.911992911750902,0
-2.253328416678583,7.932762926828288,2.9919230801369068,0
-1.3406050952652842,-8.256430180390048,-9.445658690138515,1
-12.343097925926605,10.623983408494746,2.7663125918569813,2
-12.656566982705534,3.068186915561947,0.5287418220061053,2
2.678638202516799,-6.288582535251439,-9.537654572218438,1
-4.259487306065271,11.738448290739475,8.47482413835202,0
-3.2570983901223283,-3.34754204922654,-3.525857685920965,1
-10.920090803149641,6.965733573089259,3.9898773270432097,2
-10.695264867957784,7.200510625065282,3.2450099302410322,2
-2.780442344461533,7.79820421306742,5.158874489442401,0
6.809934680024207,-6.705260069048648,-8.47952091188628,1
-3.083896551668717,10.584636161899995,7.815192702667391,0
-5.44187058259144,6.43807602665945,-0.8365984145495751,2
-0.9904862000470183,-5.577206777214198,-3.0792615000021897,1
-2.108007105555636,6.671216006113765,8.133415593879032,0
